Class Name,Registered Name
appeng.debug.TileCubeGenerator,BlockCubeGenerator
appeng.debug.TileItemGen,BlockItemGen
appeng.debug.TilePhantomNode,BlockPhantomNode
appeng.parts.layers.LayerIPipeConnection_TileCableBus,BlockCableBus
appeng.parts.layers.LayerIPipeConnection_TileCableBusTESR,ClientOnly_TESR_CableBus
appeng.tile.crafting.TileCraftingMonitorTile,BlockCraftingMonitor
appeng.tile.crafting.TileCraftingTile,BlockCraftingUnit
appeng.tile.misc.TileInterface,BlockInterface
appeng.tile.networking.TileController,BlockController
appeng.tile.networking.TileWireless,BlockWireless
appeng.tile.qnb.TileQuantumBridge,BlockQuantumLinkChamber
appeng.tile.spatial.TileSpatialIOPort,BlockSpatialIOPort
appeng.tile.storage.TileIOPort,BlockIOPort
buildcraft.builders.TilePathMarker,net.minecraft.src.builders.TilePathMarker
buildcraft.factory.TileAutoWorkbench,AutoWorkbench
buildcraft.factory.TileHopper,net.minecraft.src.buildcraft.factory.TileHopper
buildcraft.factory.TilePump,net.minecraft.src.buildcraft.factory.TilePump
buildcraft.factory.TileTank,net.minecraft.src.buildcraft.factory.TileTank
buildcraft.silicon.TileAdvancedCraftingTable,net.minecraft.src.buildcraft.factory.TileAssemblyAdvancedWorkbench
buildcraft.silicon.TileAssemblyTable,net.minecraft.src.buildcraft.factory.TileAssemblyTable
buildcraft.silicon.TileProgrammingTable,net.minecraft.src.buildcraft.factory.TileProgrammingTable
chylex.hee.tileentity.TileEntityCustomSpawner,HardcoreEnderExpansion:EndermanSpawner
chylex.hee.tileentity.TileEntityEndermanHead,HardcoreEnderExpansion:EndermanHead
chylex.hee.tileentity.TileEntityEnergyCluster,HardcoreEnderExpansion:EnergyCluster
chylex.hee.tileentity.TileEntityEssenceAltar,HardcoreEnderExpansion:EssenceAltar
chylex.hee.tileentity.TileEntityExperienceTable,HardcoreEnderExpansion:ExperienceTable
chylex.hee.tileentity.TileEntityTransportBeacon,HardcoreEnderExpansion:TransportBeacon
cofh.thermaldynamics.duct.TileStructuralDuct,thermaldynamics.StructuralDuct
cofh.thermaldynamics.duct.energy.TileEnergyDuct,thermaldynamics.FluxDuct
cofh.thermalexpansion.block.cache.TileCache,thermalexpansion.Cache
cofh.thermalexpansion.block.device.TileNullifier,thermalexpansion.Nullifier
cofh.thermalexpansion.block.dynamo.TileDynamoMagmatic,thermalexpansion.DynamoMagmatic
cofh.thermalexpansion.block.dynamo.TileDynamoSteam,thermalexpansion.DynamoSteam
cofh.thermalexpansion.block.machine.TileAccumulator,thermalexpansion.Accumulator
cofh.thermalexpansion.block.machine.TileSawmill,thermalexpansion.Sawmill
cofh.thermalexpansion.block.plate.TilePlateCharger,cofh.thermalexpansion.PlateCharger
cofh.thermalexpansion.block.plate.TilePlateTranslocate,cofh.thermalexpansion.PlateTranslocate
cofh.thermalexpansion.block.sponge.TileSponge,thermalexpansion.Sponge
cofh.thermalexpansion.block.strongbox.TileStrongbox,thermalexpansion.Strongbox
cofh.thermalexpansion.block.tank.TileTankCreative,thermalexpansion.TankCreative
com.cricketcraft.chisel.block.tileentity.TileEntityAutoChisel,autoChisel
com.cricketcraft.chisel.block.tileentity.TileEntityPresent,tile.chisel.present
com.emoniph.witchery.blocks.BlockBarrier$TileEntityBarrier,witchery:barrier
com.emoniph.witchery.blocks.BlockBeartrap$TileEntityBeartrap,witchery:wolftrap
com.emoniph.witchery.blocks.BlockBloodRose$TileEntityBloodRose,witchery:bloodrose
com.emoniph.witchery.blocks.BlockBrazier$TileEntityBrazier,witchery:brazier
com.emoniph.witchery.blocks.BlockChalice$TileEntityChalice,witchery:chalice
com.emoniph.witchery.blocks.BlockCircle$TileEntityCircle,witchery:circle
com.emoniph.witchery.blocks.BlockDemonHeart$TileEntityDemonHeart,witchery:demonheart
com.emoniph.witchery.blocks.BlockDistillery$TileEntityDistillery,witchery:distilleryidle
com.emoniph.witchery.blocks.BlockGrassper$TileEntityGrassper,witchery:grassper
com.emoniph.witchery.blocks.BlockMirror$TileEntityMirror,witchery:mirrorblock2
com.emoniph.witchery.blocks.BlockPlacedItem$TileEntityPlacedItem,witchery:placeditem
com.emoniph.witchery.blocks.BlockSilverVat$TileEntitySilverVat,witchery:silvervat
com.emoniph.witchery.blocks.BlockVoidBramble$TileEntityVoidBramble,witchery:voidbramble
com.emoniph.witchery.brewing.BlockSlurp$TileEntitySlurp,witchery:slurp
com.emoniph.witchery.brewing.TileEntityBrewFluid,witchery:brewliquid
com.github.abrarsyed.secretroomsmod.blocks.TileEntityCamoChest,TE_CamoChest
com.github.abrarsyed.secretroomsmod.blocks.TileEntityCamoDetector,TE_CamoDetector
com.nauktis.solarflux.blocks.SolarPanelTileEntity,solar
com.rwtema.extrautils.tileentity.TileEntityAntiMobTorch,TileEntityAntiMobTorch
com.rwtema.extrautils.tileentity.TileEntityBlockColorData,TileEntityBlockColorData
com.rwtema.extrautils.tileentity.TileEntityDrum,drum
com.rwtema.extrautils.tileentity.TileEntityTrashCan,TileEntityTrashCan
com.rwtema.extrautils.tileentity.TileEntityTrashCanEnergy,TileEntityTrashCanEnergy
com.rwtema.extrautils.tileentity.endercollector.TileEnderCollector,TileEnderCollector
com.rwtema.extrautils.tileentity.enderquarry.TileEntityEnderQuarry,enderQuarry
com.rwtema.extrautils.tileentity.generators.TileEntityGeneratorFood,extrautils:generatorfood
com.rwtema.extrautils.tileentity.generators.TileEntityGeneratorFurnaceSurvival,extrautils:generatorstone
com.rwtema.extrautils.tileentity.generators.TileEntityGeneratorPink,extrautils:generatorpink
com.rwtema.extrautils.tileentity.generators.TileEntityGeneratorPotion,extrautils:generatorpotion
com.rwtema.extrautils.tileentity.transfernodes.TileEntityRetrievalNodeInventory,TileEntityRetrievalNodeInventory
com.rwtema.extrautils.tileentity.transfernodes.TileEntityRetrievalNodeLiquid,TileEntityRetrievalNodeLiquid
com.rwtema.extrautils.tileentity.transfernodes.TileEntityTransferNodeInventory,TileEntityTransferNodeInventory
cpw.mods.ironchest.TileEntityCopperChest,IronChest.COPPER
cpw.mods.ironchest.TileEntityDiamondChest,IronChest.DIAMOND
crazypants.enderio.block.TileEntityDarkSteelPressurePlate,blockDarkSteelPressurePlateTileEntity
crazypants.enderio.enderface.TileEnderIO,blockEnderIoTileEntity
crazypants.enderio.machine.capbank.TileCapBank,blockCapBankTileEntity
crazypants.enderio.machine.crafter.TileCrafter,blockCrafterTileEntity
crazypants.enderio.machine.enchanter.TileEnchanter,blockEnchanterTileEntity
crazypants.enderio.machine.farm.TileFarmStation,blockFarmStationTileEntity
crazypants.enderio.machine.generator.combustion.TileCombustionGenerator,blockCombustionGeneratorTileEntity
crazypants.enderio.machine.generator.zombie.TileZombieGenerator,blockZombieGeneratorTileEntity
crazypants.enderio.machine.light.TileLightNode,blockLightNodeTileEntity
crazypants.enderio.machine.painter.TileEntityPainter,blockPainterTileEntity
crazypants.enderio.machine.xp.TileExperienceOblisk,blockExperienceObeliskTileEntity
dan200.computercraft.shared.computer.blocks.TileComputer,computer
dan200.computercraft.shared.peripheral.modem.TileWirelessModem,wirelessmodem
erogenousbeef.bigreactors.common.multiblock.tileentity.TileEntityReactorAccessPort,BRReactorAccessPort
erogenousbeef.bigreactors.common.multiblock.tileentity.TileEntityReactorCoolantPort,BRReactorCoolantPort
erogenousbeef.bigreactors.common.multiblock.tileentity.TileEntityTurbineFluidPort,BRTurbineFluidPort
erogenousbeef.bigreactors.common.multiblock.tileentity.TileEntityTurbinePartGlass,BRTurbineGlass
erogenousbeef.bigreactors.common.multiblock.tileentity.TileEntityTurbinePowerTap,BRTurbinePowerTap
erogenousbeef.bigreactors.common.multiblock.tileentity.creative.TileEntityReactorCreativeCoolantPort,BRReactorCreativeCoolantPort
forestry.arboriculture.gadgets.TileFruitPod,forestry.Pods
forestry.arboriculture.gadgets.TileSapling,forestry.Sapling
forestry.factory.gadgets.MachineFermenter,forestry.Fermenter
forestry.factory.gadgets.MachineMoistener,forestry.Moistener
forestry.farming.gadgets.TileHatch,forestry.FarmHatch
forestry.mail.gadgets.MachineMailbox,forestry.Mailbox
mekanism.common.tile.TileEntityBoundingBlock,BoundingBlock
mekanism.common.tile.TileEntityCardboardBox,CardboardBox
mekanism.common.tile.TileEntityChemicalCrystallizer,ChemicalCrystallizer
mekanism.common.tile.TileEntityChemicalWasher,ChemicalWasher
mekanism.common.tile.TileEntityCombiner,Combiner
mekanism.common.tile.TileEntityEnergyCube,EnergyCube
mekanism.common.tile.TileEntityFluidicPlenisher,FluidicPlenisher
mekanism.common.tile.TileEntityInductionPort,InductionPort
mekanism.common.tile.TileEntityMetallurgicInfuser,MetallurgicInfuser
mekanism.common.tile.TileEntityOsmiumCompressor,OsmiumCompressor
mekanism.common.tile.TileEntityPrecisionSawmill,PrecisionSawmill
mekanism.common.tile.TileEntitySeismicVibrator,SeismicVibrator
mekanism.common.tile.TileEntitySolarEvaporationBlock,SalinationTank
mekanism.generators.common.tile.TileEntityGasGenerator,GasGenerator
mekanism.generators.common.tile.TileEntityWindTurbine,WindTurbine
mekanism.generators.common.tile.reactor.TileEntityReactorFrame,ReactorFrame
minechem.radiation.RadiationFluidTileEntity,minechem.tileEntityRadiationFluid
minechem.tileentity.leadedchest.LeadedChestTileEntity,tile.leadChest
mods.railcraft.common.blocks.aesthetics.stairs.TileStair,RCStairTile
mods.railcraft.common.blocks.machine.alpha.TileAnchorAdmin,RCAdminAnchorTile
mods.railcraft.common.blocks.machine.alpha.TileAnchorPassive,RCPassiveAnchorTile
mods.railcraft.common.blocks.machine.alpha.TileAnchorPersonal,RCPersonalAnchorTile
mods.railcraft.common.blocks.machine.alpha.TileCokeOven,RCCokeOvenTile
mods.railcraft.common.blocks.machine.alpha.TileSteamOven,RCSteamOvenTile
mods.railcraft.common.blocks.machine.beta.TileBoilerFireboxFluid,RCBoilerFireboxLiquidTile
mods.railcraft.common.blocks.machine.beta.TileChestVoid,RCVoidChestTile
mods.railcraft.common.blocks.machine.beta.TileEngineSteamHobby,RCEngineSteamHobby
mods.railcraft.common.blocks.machine.beta.TileSawmill,RCSawmillTile
mods.railcraft.common.blocks.machine.beta.TileTankIronValve,RCIronTankValveTile
mods.railcraft.common.blocks.machine.beta.TileTankIronWall,RCIronTankWallTile
mods.railcraft.common.blocks.machine.beta.TileTankSteelValve,RCSteelTankValveTile
mods.railcraft.common.blocks.machine.epsilon.TileEngravingBench,RCEngravingBenchTile
mods.railcraft.common.blocks.machine.epsilon.TileFluxTransformer,RCFluxTransformerTile
mods.railcraft.common.blocks.machine.epsilon.TileForceTrackEmitter,RCForceTrackEmitterTile
mods.railcraft.common.blocks.machine.gamma.TileDispenserCart,RCMinecartDispenserTile
mods.railcraft.common.blocks.machine.gamma.TileEnergyLoader,RCLoaderTileEnergy
mods.railcraft.common.blocks.machine.gamma.TileFluidLoader,RCLoaderTileLiquid
mods.railcraft.common.blocks.machine.gamma.TileFluidUnloader,RCUnloaderTileLiquid
mods.railcraft.common.blocks.machine.gamma.TileItemLoader,RCLoaderTile
mods.railcraft.common.blocks.machine.gamma.TileItemUnloaderAdvanced,RCUnloaderAdvancedTile
mods.railcraft.common.blocks.signals.TileBoxBlockRelay,RCTileStructureSignalBox
mods.railcraft.common.blocks.signals.TileBoxSequencer,RCTileStructureSequencerBox
mods.railcraft.common.blocks.signals.TileSignalBlockSignal,RCTileStructureBlockSignal
mods.railcraft.common.blocks.signals.TileSwitchLever,RCTileStructureSwitchLever
mods.railcraft.common.blocks.signals.TileSwitchRouting,RCTileStructureSwitchRouting
mods.railcraft.common.blocks.tracks.TileTrack,RailcraftTrackTile
mods.railcraft.common.items.firestone.TileFirestoneRecharge,RCFirestoneRechargeTile
net.minecraft.block.BlockJukebox$TileEntityJukebox,RecordPlayer
net.minecraft.tileentity.TileEntityBeacon,Beacon
net.minecraft.tileentity.TileEntityChest,Chest
net.minecraft.tileentity.TileEntityDaylightDetector,DLDetector
net.minecraft.tileentity.TileEntityDropper,Dropper
net.minecraft.tileentity.TileEntityEndPortal,Airportal
net.minecraft.tileentity.TileEntityMobSpawner,MobSpawner
net.minecraft.tileentity.TileEntitySign,Sign
openblocks.common.tileentity.TileEntityBearTrap,openblocks_beartrap
openblocks.common.tileentity.TileEntityFan,openblocks_fan
openblocks.common.tileentity.TileEntityGoldenEgg,openblocks_goldenegg
openblocks.common.tileentity.TileEntityGuide,openblocks_guide
openblocks.common.tileentity.TileEntityPaintMixer,openblocks_paintmixer
openblocks.common.tileentity.TileEntityTarget,openblocks_target
openblocks.common.tileentity.TileEntityTrophy,openblocks_trophy
openblocks.common.tileentity.TileEntityXPDrain,openblocks_xpdrain
powercrystals.minefactoryreloaded.tile.machine.TileEntityAutoAnvil,factoryAutoAnvil
powercrystals.minefactoryreloaded.tile.machine.TileEntityAutoJukebox,factoryAutoJukebox
powercrystals.minefactoryreloaded.tile.machine.TileEntityBioFuelGenerator,factoryBioFuelGenerator
powercrystals.minefactoryreloaded.tile.machine.TileEntityBlockBreaker,factoryBlockBreaker
powercrystals.minefactoryreloaded.tile.machine.TileEntityBlockSmasher,factoryBlockSmasher
powercrystals.minefactoryreloaded.tile.machine.TileEntityBreeder,factoryBreeder
powercrystals.minefactoryreloaded.tile.machine.TileEntityChronotyper,factoryChronotyper
powercrystals.minefactoryreloaded.tile.machine.TileEntityChunkLoader,factoryChunkLoader
powercrystals.minefactoryreloaded.tile.machine.TileEntityEjector,factoryEjector
appeng.debug.TileChunkLoader,BlockChunkloader
appeng.tile.crafting.TileCraftingStorageTile,BlockCraftingStorage
appeng.tile.crafting.TileMolecularAssembler,BlockMolecularAssembler
appeng.tile.grindstone.TileCrank,BlockCrank
appeng.tile.grindstone.TileGrinder,BlockGrinder
appeng.tile.misc.TileCellWorkbench,BlockCellWorkbench
appeng.tile.misc.TileCharger,BlockCharger
appeng.tile.misc.TileCondenser,BlockCondenser
appeng.tile.misc.TileInscriber,BlockInscriber
appeng.tile.misc.TileLightDetector,BlockLightDetector
appeng.tile.misc.TilePaint,BlockPaint
appeng.tile.misc.TileQuartzGrowthAccelerator,BlockQuartzGrowthAccelerator
appeng.tile.misc.TileSecurity,BlockSecurity
appeng.tile.misc.TileSkyCompass,BlockSkyCompass
appeng.tile.misc.TileVibrationChamber,BlockVibrationChamber
appeng.tile.networking.TileCreativeEnergyCell,BlockCreativeEnergyCell
appeng.tile.networking.TileDenseEnergyCell,BlockDenseEnergyCell
appeng.tile.networking.TileEnergyAcceptor,BlockEnergyAcceptor
appeng.tile.networking.TileEnergyCell,BlockEnergyCell
appeng.tile.spatial.TileSpatialPylon,BlockSpatialPylon
appeng.tile.storage.TileChest,BlockChest
appeng.tile.storage.TileDrive,BlockDrive
appeng.tile.storage.TileSkyChest,BlockSkyChest
buildcraft.builders.TileArchitect,net.minecraft.src.builders.TileTemplate
buildcraft.builders.TileBlueprintLibrary,net.minecraft.src.builders.TileBlueprintLibrary
buildcraft.builders.TileBuilder,net.minecraft.src.builders.TileBuilder
buildcraft.builders.TileConstructionMarker,net.minecraft.src.builders.TileConstructionMarker
buildcraft.builders.TileFiller,Filler
buildcraft.builders.TileMarker,Marker
buildcraft.builders.TileQuarryCompat,Machine
buildcraft.core.TileEngineWood,net.minecraft.src.buildcraft.energy.TileEngineWood
buildcraft.energy.TileEngineCreative,net.minecraft.src.buildcraft.energy.TileEngineCreative
buildcraft.energy.TileEngineIron,net.minecraft.src.buildcraft.energy.TileEngineIron
buildcraft.energy.TileEngineStone,net.minecraft.src.buildcraft.energy.TileEngineStone
buildcraft.factory.TileFloodGate,net.minecraft.src.buildcraft.factory.TileFloodGate
buildcraft.factory.TileMiningWellCompat,MiningWell
buildcraft.factory.TileRefinery,net.minecraft.src.buildcraft.factory.Refinery
buildcraft.robotics.TileRequester,net.minecraft.src.buildcraft.commander.TileRequester
buildcraft.robotics.TileZonePlan,net.minecraft.src.buildcraft.commander.TileZonePlan
buildcraft.silicon.TileChargingTable,net.minecraft.src.buildcraft.factory.TileChargingTable
buildcraft.silicon.TileIntegrationTable,net.minecraft.src.buildcraft.factory.TileIntegrationTable
buildcraft.silicon.TileLaser,net.minecraft.src.buildcraft.factory.TileLaser
buildcraft.silicon.TilePackager,buildcraft.TilePackager
buildcraft.silicon.TileStampingTable,buildcraft.TileStampingTable
buildcraft.transport.TileFilteredBuffer,net.minecraft.src.buildcraft.transport.TileFilteredBuffer
buildcraft.transport.TileGenericPipeCompat,net.minecraft.src.buildcraft.transport.GenericPipe
chylex.hee.tileentity.TileEntityAccumulationTable,HardcoreEnderExpansion:AccumulationTable
chylex.hee.tileentity.TileEntityDecompositionTable,HardcoreEnderExpansion:DecompositionTable
chylex.hee.tileentity.TileEntityEnhancedBrewingStand,HardcoreEnderExpansion:EnhancedBrewingStand
chylex.hee.tileentity.TileEntityEnhancedTNT,HardcoreEnderExpansion:EnhancedTNT
chylex.hee.tileentity.TileEntityExtractionTable,HardcoreEnderExpansion:EnergyExtractionTable
chylex.hee.tileentity.TileEntityLaserBeam,HardcoreEnderExpansion:LaserBeam
chylex.hee.tileentity.TileEntityVoidChest,HardcoreEnderExpansion:VoidChest
codechicken.enderstorage.storage.item.TileEnderChest,Ender Chest
codechicken.enderstorage.storage.liquid.TileEnderTank,Ender Tank
cofh.thermaldynamics.duct.energy.TileEnergyDuctSuper,thermaldynamics.FluxDuctSuperConductor
cofh.thermaldynamics.duct.fluid.TileFluidDuct,thermaldynamics.FluidDuct
cofh.thermaldynamics.duct.fluid.TileFluidDuctFlux,thermaldynamics.FluidDuctFlux
cofh.thermaldynamics.duct.fluid.TileFluidDuctFragile,thermaldynamics.FluidDuctFragile
cofh.thermaldynamics.duct.fluid.TileFluidDuctSuper,thermaldynamics.FluidDuctSuper
cofh.thermaldynamics.duct.item.TileItemDuct,thermaldynamics.ItemDuct
cofh.thermaldynamics.duct.item.TileItemDuctEnder,thermaldynamics.ItemDuctEnder
cofh.thermaldynamics.duct.item.TileItemDuctFlux,thermaldynamics.ItemDuctFlux
cofh.thermaldynamics.duct.light.TileLightDuct,thermaldynamics.LightDuct
cofh.thermalexpansion.block.cell.TileCell,thermalexpansion.Cell
cofh.thermalexpansion.block.cell.TileCellCreative,thermalexpansion.CellCreative
cofh.thermalexpansion.block.device.TileActivator,thermalexpansion.Activator
cofh.thermalexpansion.block.device.TileBreaker,thermalexpansion.Breaker
cofh.thermalexpansion.block.device.TileWorkbench,thermalexpansion.Workbench
cofh.thermalexpansion.block.dynamo.TileDynamoCompression,thermalexpansion.DynamoCompression
cofh.thermalexpansion.block.dynamo.TileDynamoEnervation,thermalexpansion.DynamoEnervation
cofh.thermalexpansion.block.dynamo.TileDynamoReactant,thermalexpansion.DynamoReactant
cofh.thermalexpansion.block.ender.TileTesseract,thermalexpansion.Tesseract
cofh.thermalexpansion.block.light.TileLight,thermalexpansion.Light
cofh.thermalexpansion.block.light.TileLightFalse,thermalexpansion.LightFalse
cofh.thermalexpansion.block.machine.TileAssembler,thermalexpansion.Assembler
cofh.thermalexpansion.block.machine.TileCharger,thermalexpansion.Charger
cofh.thermalexpansion.block.machine.TileCrucible,thermalexpansion.Crucible
cofh.thermalexpansion.block.machine.TileExtruder,thermalexpansion.Extruder
cofh.thermalexpansion.block.machine.TileFurnace,thermalexpansion.Furnace
cofh.thermalexpansion.block.machine.TileInsolator,thermalexpansion.Insolator
cofh.thermalexpansion.block.machine.TilePrecipitator,thermalexpansion.Precipitator
cofh.thermalexpansion.block.machine.TilePulverizer,thermalexpansion.Pulverizer
cofh.thermalexpansion.block.machine.TileSmelter,thermalexpansion.Smelter
cofh.thermalexpansion.block.machine.TileTransposer,thermalexpansion.Transposer
cofh.thermalexpansion.block.plate.TilePlateBase,cofh.thermalexpansion.PlateFrame
cofh.thermalexpansion.block.plate.TilePlateImpulse,cofh.thermalexpansion.PlateImpulse
cofh.thermalexpansion.block.plate.TilePlateSignal,cofh.thermalexpansion.PlateSignal
cofh.thermalexpansion.block.plate.TilePlateTeleporter,cofh.thermalexpansion.PlateTeleporter
cofh.thermalexpansion.block.sponge.TileSpongeCreative,thermalexpansion.SpongeCreative
cofh.thermalexpansion.block.sponge.TileSpongeMagmatic,thermalexpansion.SpongeMagmatic
cofh.thermalexpansion.block.strongbox.TileStrongboxCreative,thermalexpansion.StrongboxCreative
cofh.thermalexpansion.block.tank.TileTank,thermalexpansion.Tank
com.aesireanempire.eplus.inventory.TileEnchantTable,eplus:TileEnchantTable
com.carpentersblocks.tileentity.TEBase,TileEntityCarpentersBlock
com.carpentersblocks.tileentity.TECarpentersDaylightSensor,TileEntityCarpentersDaylightSensor
com.carpentersblocks.tileentity.TECarpentersFlowerPot,TileEntityCarpentersFlowerPot
com.carpentersblocks.tileentity.TECarpentersGarageDoor,TileEntityCarpentersGarageDoor
com.carpentersblocks.tileentity.TECarpentersSafe,TileEntityCarpentersSafe
com.carpentersblocks.tileentity.TECarpentersTorch,TileEntityCarpentersTorch
com.cricketcraft.chisel.block.tileentity.TileEntityCarvableBeacon,tile.chisel.beacon
com.emoniph.witchery.blocks.BlockAlluringSkull$TileEntityAlluringSkull,witchery:alluringskull
com.emoniph.witchery.blocks.BlockAltar$TileEntityAltar,witchery:altar
com.emoniph.witchery.blocks.BlockAreaMarker$TileEntityAreaCurseProtect,witchery:decursedirected
com.emoniph.witchery.blocks.BlockAreaMarker$TileEntityAreaTeleportPullProtect,witchery:decurseteleport
com.emoniph.witchery.blocks.BlockBloodCrucible$TileEntityBloodCrucible,witchery:bloodcrucible
com.emoniph.witchery.blocks.BlockCandelabra$TileEntityCandelabra,witchery:candelabra
com.emoniph.witchery.blocks.BlockCoffin$TileEntityCoffin,witchery:coffinblock
com.emoniph.witchery.blocks.BlockCrystalBall$TileEntityCrystalBall,witchery:crystalball
com.emoniph.witchery.blocks.BlockDreamCatcher$TileEntityDreamCatcher,witchery:dreamcatcher
com.emoniph.witchery.blocks.BlockFetish$TileEntityFetish,witchery:witchsladder
com.emoniph.witchery.blocks.BlockFumeFunnel$TileEntityFumeFunnel,witchery:fumefunnel
com.emoniph.witchery.blocks.BlockGarlicGarland$TileEntityGarlicGarland,witchery:garlicgarland
com.emoniph.witchery.blocks.BlockKettle$TileEntityKettle,witchery:kettle
com.emoniph.witchery.blocks.BlockLeechChest$TileEntityLeechChest,witchery:leechchest
com.emoniph.witchery.blocks.BlockPoppetShelf$TileEntityPoppetShelf,witchery:poppetshelf
com.emoniph.witchery.blocks.BlockRefillingChest$TileEntityRefillingChest,witchery:refillingchest
com.emoniph.witchery.blocks.BlockSpinningWheel$TileEntitySpinningWheel,witchery:spinningwheel
com.emoniph.witchery.blocks.BlockStatueGoddess$TileEntityStatueGoddess,witchery:statuegoddess
com.emoniph.witchery.blocks.BlockStatueOfWorship$TileEntityStatueOfWorship,witchery:statueofworship
com.emoniph.witchery.blocks.BlockStatueWerewolf$TileEntityStatueWerewolf,witchery:wolfaltar
com.emoniph.witchery.blocks.BlockWitchesOven$TileEntityWitchesOven,witchery:witchesovenidle
com.emoniph.witchery.blocks.BlockWolfHead$TileEntityWolfHead,witchery:wolfhead
com.emoniph.witchery.brewing.TileEntityCauldron,witchery:cauldron
com.emoniph.witchery.brewing.TileEntityCursedBlock,witchery:cbuttonstone
com.emoniph.witchery.worldgen.WorldHandlerVillageDistrict$Wall$BlockVillageWallGen$TileEntityVillageWallGen,witchery:wallgen
com.flansmod.common.teams.TileEntitySpawner,teamsSpawner
com.github.abrarsyed.secretroomsmod.blocks.TileEntityCamo,TE_CamoFull
com.minalien.mffs.machines.TileEntityProjector,tile.projector
com.rwtema.extrautils.tileentity.TileEntityBUD,TileEntityBUD
com.rwtema.extrautils.tileentity.TileEntityEnchantedSpike,TileEntityEnchantedSpike
com.rwtema.extrautils.tileentity.TileEntityEnderThermicLavaPump,enderPump
com.rwtema.extrautils.tileentity.TileEntityFilingCabinet,TileEntityFilingCabinet
com.rwtema.extrautils.tileentity.TileEntityRainMuffler,TileEntityRainMuffler
com.rwtema.extrautils.tileentity.TileEntitySoundMuffler,TileEntitySoundMuffler
com.rwtema.extrautils.tileentity.TileEntityTradingPost,TileEntityTradingPost
com.rwtema.extrautils.tileentity.TileEntityTrashCanFluids,TileEntityTrashCanFluids
com.rwtema.extrautils.tileentity.enderconstructor.TileEnderConstructor,TileEnderConstructor
com.rwtema.extrautils.tileentity.enderconstructor.TileEnderPillar,TileEnderPillar
com.rwtema.extrautils.tileentity.enderquarry.TileEntityEnderMarker,TileEntityEnderMarker
com.rwtema.extrautils.tileentity.generators.TileEntityGeneratorEnder,extrautils:generatorender
com.rwtema.extrautils.tileentity.generators.TileEntityGeneratorFurnace,extrautils:generatorbase
com.rwtema.extrautils.tileentity.generators.TileEntityGeneratorFurnaceOverClocked,extrautils:generatoroverclocked
com.rwtema.extrautils.tileentity.generators.TileEntityGeneratorMagma,extrautils:generatorlava
com.rwtema.extrautils.tileentity.generators.TileEntityGeneratorNether,extrautils:generatornether
com.rwtema.extrautils.tileentity.generators.TileEntityGeneratorRedFlux,extrautils:generatorredflux
com.rwtema.extrautils.tileentity.generators.TileEntityGeneratorSolar,extrautils:generatorsolar
com.rwtema.extrautils.tileentity.generators.TileEntityGeneratorTNT,extrautils:generatortnt
com.rwtema.extrautils.tileentity.transfernodes.TileEntityFilterPipe,TileEntityFilterPipe
com.rwtema.extrautils.tileentity.transfernodes.TileEntityTransferNodeEnergy,TileEntityTransferNodeEnergy
com.rwtema.extrautils.tileentity.transfernodes.TileEntityTransferNodeHyperEnergy,TileEntityTransferNodeHyperEnergy
com.rwtema.extrautils.tileentity.transfernodes.TileEntityTransferNodeLiquid,TileEntityTransferNodeLiquid
cpw.mods.ironchest.TileEntityCrystalChest,IronChest.CRYSTAL
cpw.mods.ironchest.TileEntityDirtChest,IronChest.DIRTCHEST9000
cpw.mods.ironchest.TileEntityGoldChest,IronChest.GOLD
cpw.mods.ironchest.TileEntityIronChest,IronChest.IRON
cpw.mods.ironchest.TileEntityObsidianChest,IronChest.OBSIDIAN
cpw.mods.ironchest.TileEntitySilverChest,IronChest.SILVER
crazypants.enderio.conduit.TileConduitBundle,blockConduitBundleTileEntity
crazypants.enderio.item.skull.TileEndermanSkull,blockEndermanSkullTileEntity
crazypants.enderio.machine.alloy.TileAlloySmelter,blockAlloySmelterTileEntity
crazypants.enderio.machine.attractor.TileAttractor,blockAttractorTileEntity
crazypants.enderio.machine.buffer.TileBuffer,blockBufferTileEntity
crazypants.enderio.machine.crusher.TileCrusher,blockSagMillTileEntity
crazypants.enderio.machine.generator.stirling.TileEntityStirlingGenerator,blockStirlingGeneratorTileEntity
crazypants.enderio.machine.hypercube.TileHyperCube,blockHyperCubeTileEntity
crazypants.enderio.machine.killera.TileKillerJoe,blockKillerJoeTileEntity
crazypants.enderio.machine.light.TileElectricLight,blockElectricLightTileEntity
crazypants.enderio.machine.monitor.TilePowerMonitor,blockPowerMonitorTileEntity
crazypants.enderio.machine.painter.TileEntityPaintedBlock,blockFusedQuartzTileEntity
crazypants.enderio.machine.painter.TileEntityPaintedSlab,blockPaintedDoubleSlabTileEntity
crazypants.enderio.machine.power.TileCapacitorBank,blockCapacitorBankTileEntity
crazypants.enderio.machine.reservoir.TileReservoir,blockReservoirTileEntity
crazypants.enderio.machine.slicensplice.TileSliceAndSplice,blockSliceAndSpliceTileEntity
crazypants.enderio.machine.solar.TileEntitySolarPanel,blockSolarPanelTileEntity
crazypants.enderio.machine.soul.TileSoulBinder,blockSoulBinderTileEntity
crazypants.enderio.machine.spawner.TilePoweredSpawner,blockPoweredSpawnerTileEntity
crazypants.enderio.machine.spawnguard.TileSpawnGuard,blockSpawnGuardTileEntity
crazypants.enderio.machine.tank.TileTank,blockTankTileEntity
crazypants.enderio.machine.transceiver.TileTransceiver,blockTransceiverTileEntity
crazypants.enderio.machine.vacuum.TileVacuumChest,blockVacuumChestTileEntity
crazypants.enderio.machine.vat.TileVat,blockVatTileEntity
crazypants.enderio.machine.wireless.TileWirelessCharger,blockWirelessChargerTileEntity
crazypants.enderio.teleport.TileTravelAnchor,blockTravelAnchorTileEntity
dan200.computercraft.shared.computer.blocks.TileCommandComputer,command_computer
dan200.computercraft.shared.peripheral.diskdrive.TileDiskDrive,diskdrive
dan200.computercraft.shared.peripheral.modem.TileCable,wiredmodem
dan200.computercraft.shared.peripheral.monitor.TileMonitor,monitor
dan200.computercraft.shared.peripheral.printer.TilePrinter,ccprinter
dan200.computercraft.shared.turtle.blocks.TileTurtle,turtle
dan200.computercraft.shared.turtle.blocks.TileTurtleAdvanced,turtleadv
dan200.computercraft.shared.turtle.blocks.TileTurtleExpanded,turtleex
erogenousbeef.bigreactors.common.multiblock.tileentity.TileEntityReactorComputerPort,BRReactorComputerPort
erogenousbeef.bigreactors.common.multiblock.tileentity.TileEntityReactorControlRod,BRReactorControlRod
erogenousbeef.bigreactors.common.multiblock.tileentity.TileEntityReactorFuelRod,BRFuelRod
erogenousbeef.bigreactors.common.multiblock.tileentity.TileEntityReactorGlass,BRReactorGlass
erogenousbeef.bigreactors.common.multiblock.tileentity.TileEntityReactorPart,BRReactorPart
erogenousbeef.bigreactors.common.multiblock.tileentity.TileEntityReactorPowerTap,BRReactorPowerTap
erogenousbeef.bigreactors.common.multiblock.tileentity.TileEntityReactorRedNetPort,BRReactorRedNetPort
erogenousbeef.bigreactors.common.multiblock.tileentity.TileEntityReactorRedstonePort,BRReactorRedstonePort
erogenousbeef.bigreactors.common.multiblock.tileentity.TileEntityTurbineComputerPort,BRTurbineComputerPort
erogenousbeef.bigreactors.common.multiblock.tileentity.TileEntityTurbinePartStandard,BRTurbinePart
erogenousbeef.bigreactors.common.multiblock.tileentity.TileEntityTurbineRotorBearing,BRTurbineRotorBearing
erogenousbeef.bigreactors.common.multiblock.tileentity.TileEntityTurbineRotorPart,BRTurbineRotorPart
erogenousbeef.bigreactors.common.multiblock.tileentity.creative.TileEntityTurbineCreativeSteamGenerator,BRTurbineCreativeSteamGenerator
erogenousbeef.bigreactors.common.tileentity.TileEntityCyaniteReprocessor,BRCyaniteReprocessor
extracells.tileentity.TileEntityCertusTank,tileEntityCertusTank
extracells.tileentity.TileEntityFluidCrafter,tileEntityFluidCrafter
extracells.tileentity.TileEntityFluidFiller,tileEntityFluidFiller
extracells.tileentity.TileEntityFluidInterface,tileEntityFluidInterface
extracells.tileentity.TileEntityHardMeDrive,tileEntityHardMEDrive
extracells.tileentity.TileEntityVibrationChamberFluid,tileEntityVibrationChamberFluid
extracells.tileentity.TileEntityWalrus,tileEntityWalrus
forestry.apiculture.gadgets.TileAlvearyFan,forestry.AlvearyFan
forestry.apiculture.gadgets.TileAlvearyHeater,forestry.AlvearyHeater
forestry.apiculture.gadgets.TileAlvearyHygroregulator,forestry.AlvearyHygro
forestry.apiculture.gadgets.TileAlvearyPlain,forestry.Alveary
forestry.apiculture.gadgets.TileAlvearySieve,forestry.AlvearySieve
forestry.apiculture.gadgets.TileAlvearyStabiliser,forestry.AlvearyStabiliser
forestry.apiculture.gadgets.TileAlvearySwarmer,forestry.AlvearySwarmer
forestry.apiculture.gadgets.TileApiaristChest,forestry.ApiaristChest
forestry.apiculture.gadgets.TileApiary,forestry.Apiary
forestry.apiculture.gadgets.TileBeehouse,forestry.Beehouse
forestry.apiculture.gadgets.TileCandle,forestry.Candle
forestry.apiculture.gadgets.TileSwarm,forestry.Swarm
forestry.arboriculture.gadgets.TileArboristChest,forestry.ArbChest
forestry.arboriculture.gadgets.TileLeaves,forestry.Leaves
forestry.arboriculture.gadgets.TileStairs,forestry.Stairs
forestry.core.gadgets.TileAnalyzer,forestry.Analyzer
forestry.core.gadgets.TileEscritoire,forestry.Escritoire
forestry.energy.gadgets.EngineBronze,forestry.EngineBronze
forestry.energy.gadgets.EngineClockwork,forestry.EngineClockwork
forestry.energy.gadgets.EngineCopper,forestry.EngineCopper
forestry.factory.gadgets.MachineBottler,forestry.Bottler
forestry.factory.gadgets.MachineCarpenter,forestry.Carpenter
forestry.factory.gadgets.MachineCentrifuge,forestry.Centrifuge
forestry.factory.gadgets.MachineFabricator,forestry.Fabricator
forestry.factory.gadgets.MachineRaintank,forestry.Raintank
forestry.factory.gadgets.MachineSqueezer,forestry.Squeezer
forestry.factory.gadgets.MachineStill,forestry.Still
forestry.factory.gadgets.MillRainmaker,forestry.Rainmaker
forestry.factory.gadgets.TileWorktable,forestry.Worktable
forestry.farming.gadgets.TileControl,forestry.FarmControl
forestry.farming.gadgets.TileFarmPlain,forestry.Farm
forestry.farming.gadgets.TileGearbox,forestry.FarmGearbox
forestry.farming.gadgets.TileValve,forestry.FarmValve
forestry.lepidopterology.gadgets.TileLepidopteristChest,forestry.LepiChest
forestry.mail.gadgets.MachinePhilatelist,forestry.Philatelist
forestry.mail.gadgets.MachineTrader,forestry.Tradestation
iguanaman.iguanatweakstconstruct.mobheads.tileentities.IguanaSkullTileEntity,skullTE
mantle.blocks.abstracts.MultiServantLogic,TConstruct.Servants
mcp.mobius.betterbarrels.common.blocks.TileEntityBarrel,TileEntityBarrel
mekanism.common.tile.TileEntityAdvancedBoundingBlock,AdvancedBoundingBlock
mekanism.common.tile.TileEntityAdvancedFactory,AdvancedSmeltingFactory
mekanism.common.tile.TileEntityAmbientAccumulator,AmbientAccumulator
mekanism.common.tile.TileEntityBin,Bin
mekanism.common.tile.TileEntityBoiler,SteamBoiler
mekanism.common.tile.TileEntityBoilerValve,BoilerValve
mekanism.common.tile.TileEntityChargepad,Chargepad
mekanism.common.tile.TileEntityChemicalDissolutionChamber,ChemicalDissolutionChamber
mekanism.common.tile.TileEntityChemicalInfuser,ChemicalInfuser
mekanism.common.tile.TileEntityChemicalInjectionChamber,ChemicalInjectionChamber
mekanism.common.tile.TileEntityChemicalOxidizer,ChemicalOxidizer
mekanism.common.tile.TileEntityCrusher,Crusher
mekanism.common.tile.TileEntityDigitalMiner,DigitalMiner
mekanism.common.tile.TileEntityDynamicTank,DynamicTank
mekanism.common.tile.TileEntityDynamicValve,DynamicValve
mekanism.common.tile.TileEntityElectricChest,ElectricChest
mekanism.common.tile.TileEntityElectricPump,ElectricPump
mekanism.common.tile.TileEntityElectrolyticSeparator,ElectrolyticSeparator
mekanism.common.tile.TileEntityEliteFactory,UltimateSmeltingFactory
mekanism.common.tile.TileEntityEnergizedSmelter,EnergizedSmelter
mekanism.common.tile.TileEntityEnrichmentChamber,EnrichmentChamber
mekanism.common.tile.TileEntityEntangledBlock,EntangledBlock
mekanism.common.tile.TileEntityFactory,SmeltingFactory
mekanism.common.tile.TileEntityGasTank,GasTank
mekanism.common.tile.TileEntityInductionCasing,InductionCasing
mekanism.common.tile.TileEntityInductionCell,InductionCell
mekanism.common.tile.TileEntityInductionProvider,InductionProvider
mekanism.common.tile.TileEntityLaser,Laser
mekanism.common.tile.TileEntityLaserAmplifier,LaserAmplifier
mekanism.common.tile.TileEntityLaserTractorBeam,LaserTractorBeam
mekanism.common.tile.TileEntityLogisticalSorter,LogisticalSorter
mekanism.common.tile.TileEntityObsidianTNT,ObsidianTNT
mekanism.common.tile.TileEntityOredictionificator,Oredictionificator
mekanism.common.tile.TileEntityPRC,PressurizedReactionChamber
mekanism.common.tile.TileEntityPortableTank,PortableTank
mekanism.common.tile.TileEntityPurificationChamber,PurificationChamber
mekanism.common.tile.TileEntityRotaryCondensentrator,RotaryCondensentrator
mekanism.common.tile.TileEntitySolarEvaporationController,SalinationController
mekanism.common.tile.TileEntitySolarEvaporationValve,SalinationValve
mekanism.common.tile.TileEntitySolarNeutronActivator,SolarNeutronActivator
mekanism.common.tile.TileEntityTeleporter,MekanismTeleporter
mekanism.generators.common.tile.TileEntityAdvancedSolarGenerator,AdvancedSolarGenerator
mekanism.generators.common.tile.TileEntityBioGenerator,BioGenerator
mekanism.generators.common.tile.TileEntityHeatGenerator,HeatGenerator
mekanism.generators.common.tile.TileEntitySolarGenerator,SolarGenerator
mekanism.generators.common.tile.reactor.TileEntityReactorController,ReactorController
mekanism.generators.common.tile.reactor.TileEntityReactorGlass,ReactorGlass
mekanism.generators.common.tile.reactor.TileEntityReactorLaserFocusMatrix,ReactorLaserFocus
mekanism.generators.common.tile.reactor.TileEntityReactorLogicAdapter,ReactorLogicAdapter
mekanism.generators.common.tile.reactor.TileEntityReactorNeutronCapture,ReactorNeutronCapture
mekanism.generators.common.tile.reactor.TileEntityReactorPort,ReactorPort
minechem.tileentity.blueprintprojector.BlueprintProjectorTileEntity,tile.blueprintProjector
minechem.tileentity.decomposer.DecomposerTileEntity,tile.chemicalDecomposer
minechem.tileentity.microscope.MicroscopeTileEntity,tile.opticalMicroscope
minechem.tileentity.multiblock.fission.FissionTileEntity,fissionReactor
minechem.tileentity.multiblock.fusion.FusionTileEntity,tile.fusionWall
minechem.tileentity.multiblock.ghostblock.GhostBlockTileEntity,tile.ghostBlock
minechem.tileentity.prefab.TileEntityProxy,minchem.tileEntityProxy
minechem.tileentity.synthesis.SynthesisTileEntity,tile.chemicalSynthesizer
mods.railcraft.common.blocks.aesthetics.post.TilePostEmblem,RCPostEmblemTile
mods.railcraft.common.blocks.aesthetics.slab.TileSlab,RCSlabTile
mods.railcraft.common.blocks.detector.TileDetector,RCDetectorTile
mods.railcraft.common.blocks.hidden.TileHidden,RCHiddenTile
mods.railcraft.common.blocks.machine.alpha.TileAnchorWorld,RCWorldAnchorTile
mods.railcraft.common.blocks.machine.alpha.TileBlastFurnace,RCBlastFurnaceTile
mods.railcraft.common.blocks.machine.alpha.TileFeedStation,RCFeedStationTile
mods.railcraft.common.blocks.machine.alpha.TileRockCrusher,RCRockCrusherTile
mods.railcraft.common.blocks.machine.alpha.TileRollingMachine,RCRollingMachineTile
mods.railcraft.common.blocks.machine.alpha.TileSmoker,RCSmokerTile
mods.railcraft.common.blocks.machine.alpha.TileSteamTrapAuto,RCSteamTrapAutoTile
mods.railcraft.common.blocks.machine.alpha.TileSteamTrapManual,RCSteamTrapManualTile
mods.railcraft.common.blocks.machine.alpha.TileSteamTurbine,RCSteamTurbineTile
mods.railcraft.common.blocks.machine.alpha.TileTankWater,RCWaterTankTile
mods.railcraft.common.blocks.machine.alpha.TileTradeStation,RCTradeStationTile
mods.railcraft.common.blocks.machine.beta.TileBoilerFireboxSolid,RCBoilerFireboxSoildTile
mods.railcraft.common.blocks.machine.beta.TileBoilerTankHigh,RCBoilerTankHighTile
mods.railcraft.common.blocks.machine.beta.TileBoilerTankLow,RCBoilerTankLowTile
mods.railcraft.common.blocks.machine.beta.TileChestMetals,RCMetalsChestTile
mods.railcraft.common.blocks.machine.beta.TileEngineSteamHigh,RCEngineSteamHigh
mods.railcraft.common.blocks.machine.beta.TileEngineSteamLow,RCEngineSteamLow
mods.railcraft.common.blocks.machine.beta.TileSentinel,RCAnchorSentinelTile
mods.railcraft.common.blocks.machine.beta.TileTankIronGauge,RCIronTankGaugeTile
mods.railcraft.common.blocks.machine.beta.TileTankSteelGauge,RCSteelTankGaugeTile
mods.railcraft.common.blocks.machine.beta.TileTankSteelWall,RCSteelTankWallTile
mods.railcraft.common.blocks.machine.delta.TileCage,RCCageTile
mods.railcraft.common.blocks.machine.delta.TileWire,RCWireTile
mods.railcraft.common.blocks.machine.epsilon.TileAdminSteamProducer,RCAdminSteamProducerTile
mods.railcraft.common.blocks.machine.epsilon.TileElectricFeeder,RCElectricFeederTile
mods.railcraft.common.blocks.machine.epsilon.TileElectricFeederAdmin,RCElectricFeederAdminTile
mods.railcraft.common.blocks.machine.gamma.TileDispenserTrain,RCTrainDispenserTile
mods.railcraft.common.blocks.machine.gamma.TileEnergyUnloader,RCUnloaderTileEnergy
mods.railcraft.common.blocks.machine.gamma.TileItemLoaderAdvanced,RCLoaderAdvancedTile
mods.railcraft.common.blocks.machine.gamma.TileItemUnloader,RCUnloaderTile
mods.railcraft.common.blocks.signals.TileBoxAnalogController,RCTileStructureAnalogBox
mods.railcraft.common.blocks.signals.TileBoxCapacitor,RCTileStructureCapacitorBox
mods.railcraft.common.blocks.signals.TileBoxController,RCTileStructureControllerBox
mods.railcraft.common.blocks.signals.TileBoxInterlock,RCTileStructureInterlockBox
mods.railcraft.common.blocks.signals.TileBoxReceiver,RCTileStructureReceiverBox
mods.railcraft.common.blocks.signals.TileSignalDistantSignal,RCTileStructureDistantSignal
mods.railcraft.common.blocks.signals.TileSignalDualHeadBlockSignal,RCTileStructureDualHeadBlockSignal
mods.railcraft.common.blocks.signals.TileSignalDualHeadDistantSignal,RCTileStructureDualHeadDistantSignal
mods.railcraft.common.blocks.signals.TileSwitchMotor,RCTileStructureSwitchMotor
mods.railcraft.common.blocks.tracks.TileTrackTESR,RailcraftTrackTESRTile
net.minecraft.tileentity.TileEntityBrewingStand,Cauldron
net.minecraft.tileentity.TileEntityCommandBlock,Control
net.minecraft.tileentity.TileEntityComparator,Comparator
net.minecraft.tileentity.TileEntityDispenser,Trap
net.minecraft.tileentity.TileEntityEnchantmentTable,EnchantTable
net.minecraft.tileentity.TileEntityEnderChest,EnderChest
net.minecraft.tileentity.TileEntityFlowerPot,FlowerPot
net.minecraft.tileentity.TileEntityFurnace,Furnace
net.minecraft.tileentity.TileEntityHopper,Hopper
net.minecraft.tileentity.TileEntityNote,Music
net.minecraft.tileentity.TileEntityPiston,Piston
net.minecraft.tileentity.TileEntitySkull,Skull
openblocks.common.tileentity.TileEntityAutoAnvil,openblocks_autoanvil
openblocks.common.tileentity.TileEntityAutoEnchantmentTable,openblocks_autoenchantmenttable
openblocks.common.tileentity.TileEntityBigButton,openblocks_bigbutton
openblocks.common.tileentity.TileEntityBlockBreaker,openblocks_blockbreaker
openblocks.common.tileentity.TileEntityBlockPlacer,openblocks_blockPlacer
openblocks.common.tileentity.TileEntityCannon,openblocks_cannon
openblocks.common.tileentity.TileEntityCanvas,openblocks_canvasglass
openblocks.common.tileentity.TileEntityDonationStation,openblocks_donationStation
openblocks.common.tileentity.TileEntityDrawingTable,openblocks_drawingtable
openblocks.common.tileentity.TileEntityFlag,openblocks_flag
openblocks.common.tileentity.TileEntityHealBlock,openblocks_heal
openblocks.common.tileentity.TileEntityImaginary,openblocks_imaginary
openblocks.common.tileentity.TileEntityItemDropper,openblocks_itemDropper
openblocks.common.tileentity.TileEntityPaintCan,openblocks_paintcan
openblocks.common.tileentity.TileEntityProjector,openblocks_projector
openblocks.common.tileentity.TileEntitySky,openblocks_sky
openblocks.common.tileentity.TileEntitySprinkler,openblocks_sprinkler
openblocks.common.tileentity.TileEntityTank,openblocks_tank
openblocks.common.tileentity.TileEntityVacuumHopper,openblocks_vacuumhopper
openblocks.common.tileentity.TileEntityVillageHighlighter,openblocks_village_highlighter
openblocks.common.tileentity.TileEntityXPBottler,openblocks_xpbottler
openblocks.common.tileentity.TileEntityXPShower,openblocks_xpshower
openperipheral.addons.glasses.TileEntityGlassesBridge,openperipheral_glassesbridge
openperipheral.addons.peripheralproxy.TileEntityPeripheralProxy,openperipheral_peripheralproxy
openperipheral.addons.pim.TileEntityPIM,openperipheral_pim
openperipheral.addons.selector.TileEntitySelector,openperipheral_selector
openperipheral.addons.sensors.TileEntitySensor,openperipheral_sensor
openperipheral.addons.ticketmachine.TileEntityTicketMachine,openperipheral_ticketmachine
powercrystals.minefactoryreloaded.tile.machine.TileEntityAutoBrewer,factoryAutoBrewer
powercrystals.minefactoryreloaded.tile.machine.TileEntityAutoDisenchanter,factoryAutoDisenchanter
powercrystals.minefactoryreloaded.tile.machine.TileEntityAutoEnchanter,factoryAutoEnchanter
powercrystals.minefactoryreloaded.tile.machine.TileEntityAutoSpawner,factoryAutoSpawner
powercrystals.minefactoryreloaded.tile.machine.TileEntityBioReactor,factoryBioReactor
powercrystals.minefactoryreloaded.tile.machine.TileEntityBlockPlacer,factoryBlockPlacer
powercrystals.minefactoryreloaded.tile.machine.TileEntityCollector,factoryItemCollector
powercrystals.minefactoryreloaded.tile.machine.TileEntityComposter,factoryComposter
powercrystals.minefactoryreloaded.tile.machine.TileEntityDeepStorageUnit,factoryDeepStorageUnit
powercrystals.minefactoryreloaded.tile.machine.TileEntityEnchantmentRouter,factoryEnchantmentRouter
powercrystals.minefactoryreloaded.tile.machine.TileEntityFertilizer,factoryFertilizer
powercrystals.minefactoryreloaded.tile.machine.TileEntityFisher,factoryFisher
powercrystals.minefactoryreloaded.tile.machine.TileEntityFountain,factoryFountain
powercrystals.minefactoryreloaded.tile.machine.TileEntityFruitPicker,factoryFruitPicker
powercrystals.minefactoryreloaded.tile.machine.TileEntityGrinder,factoryGrinder
powercrystals.minefactoryreloaded.tile.machine.TileEntityHarvester,factoryHarvester
powercrystals.minefactoryreloaded.tile.machine.TileEntityItemRouter,factoryItemRouter
powercrystals.minefactoryreloaded.tile.machine.TileEntityLaserDrill,factoryLaserDrill
powercrystals.minefactoryreloaded.tile.machine.TileEntityLaserDrillPrecharger,factoryLaserDrillPrecharger
powercrystals.minefactoryreloaded.tile.machine.TileEntityLavaFabricator,factoryLavaFabricator
powercrystals.minefactoryreloaded.tile.machine.TileEntityLiquiCrafter,factoryLiquiCrafter
powercrystals.minefactoryreloaded.tile.machine.TileEntityLiquidRouter,factoryLiquidRouter
powercrystals.minefactoryreloaded.tile.machine.TileEntityMeatPacker,factoryMeatPacker
powercrystals.minefactoryreloaded.tile.machine.TileEntityMobCounter,factoryMobCounter
powercrystals.minefactoryreloaded.tile.machine.TileEntityMobRouter,factoryMobRouter
powercrystals.minefactoryreloaded.tile.machine.TileEntityPlanter,factoryPlanter
powercrystals.minefactoryreloaded.tile.machine.TileEntityRancher,factoryRancher
powercrystals.minefactoryreloaded.tile.machine.TileEntityRedNote,factoryRedNote
powercrystals.minefactoryreloaded.tile.machine.TileEntitySewer,factorySewer
powercrystals.minefactoryreloaded.tile.machine.TileEntitySlaughterhouse,factorySlaughterhouse
powercrystals.minefactoryreloaded.tile.machine.TileEntitySludgeBoiler,factorySludgeBoiler
powercrystals.minefactoryreloaded.tile.machine.TileEntitySteamBoiler,factorySteamBoiler
powercrystals.minefactoryreloaded.tile.machine.TileEntitySteamTurbine,factorySteamTurbine
powercrystals.minefactoryreloaded.tile.machine.TileEntityUnifier,factoryUnifier
powercrystals.minefactoryreloaded.tile.machine.TileEntityVet,factoryVet
powercrystals.minefactoryreloaded.tile.machine.TileEntityWeather,factoryWeatherCollector
powercrystals.minefactoryreloaded.tile.rednet.TileEntityRedNetCable,factoryRedstoneCable
powercrystals.minefactoryreloaded.tile.rednet.TileEntityRedNetEnergy,factoryRedstoneCableEnergy
powercrystals.minefactoryreloaded.tile.rednet.TileEntityRedNetHistorian,factoryRednetHistorian
powercrystals.minefactoryreloaded.tile.rednet.TileEntityRedNetLogic,factoryRednetLogic
powercrystals.minefactoryreloaded.tile.tank.TileEntityTank,factoryTank
powercrystals.minefactoryreloaded.tile.transport.TileEntityConveyor,factoryConveyor
powercrystals.minefactoryreloaded.tile.transport.TileEntityPlasticPipe,factoryPlasticPipe
tconstruct.blocks.logic.DryingRackLogic,Armor.DryingRack
tconstruct.mechworks.logic.TileEntityLandmine,Landmine
tconstruct.smeltery.logic.CastingBasinLogic,CastingBasin
tconstruct.smeltery.logic.CastingChannelLogic,CastingChannel
tconstruct.smeltery.logic.CastingTableLogic,CastingTable
tconstruct.smeltery.logic.FaucetLogic,Faucet
tconstruct.smeltery.logic.LavaTankLogic,TConstruct.LavaTank
tconstruct.smeltery.logic.SmelteryDrainLogic,TConstruct.SmelteryDrain
tconstruct.smeltery.logic.SmelteryLogic,TConstruct.Smeltery
tconstruct.tools.logic.BattlesignLogic,BattlesignLogic
tconstruct.tools.logic.CraftingStationLogic,CraftingStation
tconstruct.tools.logic.FrypanLogic,FrypanLogic
tconstruct.tools.logic.FurnaceLogic,TConstruct.Furnace
tconstruct.tools.logic.PartBuilderLogic,PartCrafter
tconstruct.tools.logic.PatternChestLogic,PatternHolder
tconstruct.tools.logic.StencilTableLogic,PatternShaper
tconstruct.tools.logic.ToolForgeLogic,ToolForge
tconstruct.tools.logic.ToolStationLogic,ToolStation
thaumcraft.common.tiles.TileAlchemyFurnace,TileAlchemyFurnace
thaumcraft.common.tiles.TileAlchemyFurnaceAdvanced,TileAlchemyFurnaceAdvanced
thaumcraft.common.tiles.TileAlchemyFurnaceAdvancedNozzle,TileAlchemyFurnaceAdvancedNozzle
thaumcraft.common.tiles.TileAlembic,TileSiphon
thaumcraft.common.tiles.TileArcaneBore,TileArcaneBore
thaumcraft.common.tiles.TileArcaneBoreBase,TileArcaneBoreBase
thaumcraft.common.tiles.TileArcaneFurnace,TileArcaneFurnace
thaumcraft.common.tiles.TileArcaneFurnaceNozzle,TileArcaneFurnaceNozzle
thaumcraft.common.tiles.TileArcaneLamp,TileArcaneLamp
thaumcraft.common.tiles.TileArcaneLampFertility,TileArcaneLampFertility
thaumcraft.common.tiles.TileArcaneLampGrowth,TileArcaneLampGrowth
thaumcraft.common.tiles.TileArcanePressurePlate,TileArcanePressurePlate
thaumcraft.common.tiles.TileArcaneWorkbench,TileArcaneWorkbench
thaumcraft.common.tiles.TileBanner,TileBanner
thaumcraft.common.tiles.TileBellows,TileBellows
thaumcraft.common.tiles.TileBrainbox,TileBrainbox
thaumcraft.common.tiles.TileCentrifuge,TileCentrifuge
thaumcraft.common.tiles.TileChestHungry,TileChestHungry
thaumcraft.common.tiles.TileCrucible,TileCrucible
thaumcraft.common.tiles.TileCrystal,TileCrystal
thaumcraft.common.tiles.TileDeconstructionTable,TileDeconstructionTable
thaumcraft.common.tiles.TileEldritchAltar,TileEldritchAltar
thaumcraft.common.tiles.TileEldritchCap,TileEldritchCap
thaumcraft.common.tiles.TileEldritchCrabSpawner,TileEldritchCrabSpawner
thaumcraft.common.tiles.TileEldritchCrystal,TileEldritchCrystal
thaumcraft.common.tiles.TileEldritchLock,TileEldritchLock
thaumcraft.common.tiles.TileEldritchNothing,TileEldritchNothing
thaumcraft.common.tiles.TileEldritchObelisk,TileEldritchObelisk
thaumcraft.common.tiles.TileEldritchPortal,TileEldritchPortal
thaumcraft.common.tiles.TileEldritchTrap,TileEldritchTrap
thaumcraft.common.tiles.TileEssentiaCrystalizer,TileEssentiaCrystalizer
thaumcraft.common.tiles.TileEssentiaReservoir,TileEssentiaReservoir
thaumcraft.common.tiles.TileEtherealBloom,TilePurifyTotem
thaumcraft.common.tiles.TileFluxScrubber,TileFluxScrubber
thaumcraft.common.tiles.TileFocalManipulator,TileFocalManipulator
thaumcraft.common.tiles.TileGrate,TileGrate
thaumcraft.common.tiles.TileHole,TileHole
thaumcraft.common.tiles.TileInfusionMatrix,TileInfusionStone
thaumcraft.common.tiles.TileInfusionPillar,TileInfusionPillar
thaumcraft.common.tiles.TileJarBrain,TileJarBrain
thaumcraft.common.tiles.TileJarFillable,TileJar
thaumcraft.common.tiles.TileJarFillableVoid,TileJarVoid
thaumcraft.common.tiles.TileJarNode,TileJarNode
thaumcraft.common.tiles.TileLifter,TileLifter
thaumcraft.common.tiles.TileMagicBox,TileMagicBox
thaumcraft.common.tiles.TileMagicWorkbenchCharger,TileMagicWorkbenchCharger
thaumcraft.common.tiles.TileManaPod,TileManaPod
thaumcraft.common.tiles.TileMirror,TileMirror
thaumcraft.common.tiles.TileMirrorEssentia,TileMirrorEssentia
thaumcraft.common.tiles.TileNitor,TileNitor
thaumcraft.common.tiles.TileNode,TileNode
thaumcraft.common.tiles.TileNodeConverter,TileNodeConverter
thaumcraft.common.tiles.TileNodeEnergized,TileNodeEnergized
thaumcraft.common.tiles.TileNodeStabilizer,TileNodeStabilizer
thaumcraft.common.tiles.TileOwned,TileOwned
thaumcraft.common.tiles.TilePedestal,TilePedestal
thaumcraft.common.tiles.TileResearchTable,TileResearchTable
thaumcraft.common.tiles.TileSensor,TileSensor
thaumcraft.common.tiles.TileSpa,TileSpa
thaumcraft.common.tiles.TileTable,TileTable
thaumcraft.common.tiles.TileThaumatorium,TileThaumatorium
thaumcraft.common.tiles.TileThaumatoriumTop,TileThaumatoriumTop
thaumcraft.common.tiles.TileTube,TileTube
thaumcraft.common.tiles.TileTubeBuffer,TileTubeBuffer
thaumcraft.common.tiles.TileTubeFilter,TileTubeFilter
thaumcraft.common.tiles.TileTubeOneway,TileTubeOneway
thaumcraft.common.tiles.TileTubeRestrict,TileTubeRestrict
thaumcraft.common.tiles.TileTubeValve,TileTubeValve
thaumcraft.common.tiles.TileVisRelay,TileVisRelay
thaumcraft.common.tiles.TileWandPedestal,TileWandPedestal
thaumcraft.common.tiles.TileWarded,TileWarded
thaumcraft.common.tiles.TileWardingStone,TileWardingStone
thaumcraft.common.tiles.TileWardingStoneFence,TileWardingStoneFence
thaumic.tinkerer.common.block.tile.TileAspectAnalyzer,ttinkerer:aspectAnalyzer
thaumic.tinkerer.common.block.tile.TileCamo,ttinkerer:platform
thaumic.tinkerer.common.block.tile.TileEnchanter,ttinkerer:enchanter
thaumic.tinkerer.common.block.tile.TileEntityMobilizer,ttinkerer:Levitational Locomotive
thaumic.tinkerer.common.block.tile.TileEntityRelay,ttinkerer:Levitational Locomotive Relay
thaumic.tinkerer.common.block.tile.TileFunnel,ttinkerer:funnel
thaumic.tinkerer.common.block.tile.TileGolemConnector,ttinkerer:golemConnector
thaumic.tinkerer.common.block.tile.TileInfusedFarmland,ttinkerer:infusedFarmland
thaumic.tinkerer.common.block.tile.TileInfusedGrain,ttinkerer:infusedGrainBlock
thaumic.tinkerer.common.block.tile.TileMagnet,ttinkerer:magnet
thaumic.tinkerer.common.block.tile.TileMobMagnet,mobMagnet
thaumic.tinkerer.common.block.tile.TileRepairer,ttinkerer:repairer
thaumic.tinkerer.common.block.tile.TileSummon,ttinkerer:spawner
thaumic.tinkerer.common.block.tile.kami.TileBedrockPortal,ttinkerer:bedrockPortal
thaumic.tinkerer.common.block.tile.kami.TileWarpGate,ttinkerer:warpGate
thaumic.tinkerer.common.block.tile.tablet.TileAnimationTablet,ttinkerer:animationTablet
thaumic.tinkerer.common.block.tile.transvector.TileTransvectorDislocator,ttinkerer:dislocator
thaumic.tinkerer.common.block.tile.transvector.TileTransvectorInterface,ttinkerer:interface
tradebooth.tileentity.TileEntityTradeBoothStorage,tileEntityTradeBoothStorage
tradebooth.tileentity.TileEntityTradeBoothTop,tileEntityTradeBoothTop
vazkii.botania.common.block.tile.TileAlfPortal,botania:alfheimPortal
vazkii.botania.common.block.tile.TileAltar,botania:altar
vazkii.botania.common.block.tile.TileBifrost,botania:bifrost
vazkii.botania.common.block.tile.TileBrewery,botania:brewery
vazkii.botania.common.block.tile.TileCocoon,botania:cocoon
vazkii.botania.common.block.tile.TileCraftCrate,botania:craftCrate
vazkii.botania.common.block.tile.TileEnchanter,botania:enchanter
vazkii.botania.common.block.tile.TileEnderEye,botania:enderEyeBlock
vazkii.botania.common.block.tile.TileFakeAir,botania:fakeAir
vazkii.botania.common.block.tile.TileFloatingFlower,botania:miniIsland
vazkii.botania.common.block.tile.TileFloatingSpecialFlower,botania:floatingSpecialFlower
vazkii.botania.common.block.tile.TileForestEye,botania:forestEye
vazkii.botania.common.block.tile.TileHourglass,botania:hourglass
vazkii.botania.common.block.tile.TileIncensePlate,botania:incensePlate
vazkii.botania.common.block.tile.TileLightRelay,botania:lightRelay
vazkii.botania.common.block.tile.TileManaBeacon,botania:manaBeacon
vazkii.botania.common.block.tile.TileManaFlame,botania:manaFlame
vazkii.botania.common.block.tile.TileOpenCrate,botania:openCrate
vazkii.botania.common.block.tile.TilePlatform,botania:platform
vazkii.botania.common.block.tile.TilePylon,botania:pylon
vazkii.botania.common.block.tile.TileRuneAltar,botania:runeAltar
vazkii.botania.common.block.tile.TileSparkChanger,botania:sparkChanger
vazkii.botania.common.block.tile.TileSpawnerClaw,botania:spawnerClaw
vazkii.botania.common.block.tile.TileSpecialFlower,botania:specialFlower
vazkii.botania.common.block.tile.TileStarfield,botania:starfield
vazkii.botania.common.block.tile.TileTerraPlate,botania:terraPlate
vazkii.botania.common.block.tile.TileTinyPlanet,botania:tinyPlanetBlock
vazkii.botania.common.block.tile.TileTinyPotato,botania:tinyPotato
vazkii.botania.common.block.tile.corporea.TileCorporeaCrystalCube,botania:corporeaCrystalCube
vazkii.botania.common.block.tile.corporea.TileCorporeaFunnel,botania:corporeaFunnel
vazkii.botania.common.block.tile.corporea.TileCorporeaIndex,botania:corporeaIndex
vazkii.botania.common.block.tile.corporea.TileCorporeaInterceptor,botania:corporeaInterceptor
vazkii.botania.common.block.tile.mana.TileDistributor,botania:distributor
vazkii.botania.common.block.tile.mana.TileManaDetector,botania:manaDetector
vazkii.botania.common.block.tile.mana.TileManaVoid,botania:manaVoid
vazkii.botania.common.block.tile.mana.TilePool,botania:pool
vazkii.botania.common.block.tile.mana.TilePrism,botania:prism
vazkii.botania.common.block.tile.mana.TilePump,botania:pump
vazkii.botania.common.block.tile.mana.TileRFGenerator,botania:rfGenerator
vazkii.botania.common.block.tile.mana.TileSpreader,botania:spreader
vazkii.botania.common.block.tile.mana.TileTurntable,botania:turntable
vazkii.botania.common.block.tile.string.TileRedStringComparator,botania:redStringComparator
vazkii.botania.common.block.tile.string.TileRedStringContainer,botania:redStringContainer
vazkii.botania.common.block.tile.string.TileRedStringDispenser,botania:redStringDispenser
vazkii.botania.common.block.tile.string.TileRedStringFertilizer,botania:redStringFertilizer
vazkii.botania.common.block.tile.string.TileRedStringRelay,botania:redStringRelay
vswe.stevesfactory.blocks.TileEntityBUD,TileEntityCableBUDName
vswe.stevesfactory.blocks.TileEntityBreaker,TileEntityCableBreakerName
vswe.stevesfactory.blocks.TileEntityCamouflage,TileEntityCableCamouflageName
vswe.stevesfactory.blocks.TileEntityCluster,TileEntityCableClusterName
vswe.stevesfactory.blocks.TileEntityCreative,TileEntityCableCreativeName
vswe.stevesfactory.blocks.TileEntityInput,TileEntityCableInputName
vswe.stevesfactory.blocks.TileEntityIntake,TileEntityCableIntakeName
vswe.stevesfactory.blocks.TileEntityManager,TileEntityMachineManagerName
vswe.stevesfactory.blocks.TileEntityOutput,TileEntityCableOutputName
vswe.stevesfactory.blocks.TileEntityRelay,TileEntityCableRelayName
vswe.stevesfactory.blocks.TileEntitySignUpdater,TileEntityCableSignName
